Scripts ran on this DATE and TIME,Mon Jun 11 12:26:45 IST 2018
Scripts ran on this DATE and TIME,Wed Jul 11 11:10:30 IST 2018
Scripts ran on this DATE and TIME,Wed Jul 11 16:52:57 IST 2018
Scripts ran on this DATE and TIME,Fri Jul 13 11:30:40 IST 2018
Scripts ran on this DATE and TIME,Mon Jul 16 13:10:09 IST 2018
Scripts ran on this DATE and TIME,Fri Aug 17 17:31:47 IST 2018
Scripts ran on this DATE and TIME,Fri Aug 17 19:08:53 IST 2018
Scripts ran on this DATE and TIME,Mon Aug 20 09:57:44 IST 2018
Scripts ran on this DATE and TIME,Mon Aug 27 12:36:24 IST 2018
Scripts ran on this DATE and TIME,Mon Sep 03 13:20:32 IST 2018
Scripts ran on this DATE and TIME,Mon Sep 03 17:49:22 IST 2018
Scripts ran on this DATE and TIME,Tue Sep 18 16:44:01 IST 2018
