Scripts ran on this DATE and TIME,Mon Jun 11 12:23:50 IST 2018
Scripts ran on this DATE and TIME,Wed Jul 11 11:10:08 IST 2018
Scripts ran on this DATE and TIME,Wed Jul 11 14:39:38 IST 2018
Scripts ran on this DATE and TIME,Wed Jul 11 14:45:38 IST 2018
Scripts ran on this DATE and TIME,Wed Jul 11 15:21:10 IST 2018
Scripts ran on this DATE and TIME,Wed Jul 11 16:52:35 IST 2018
Scripts ran on this DATE and TIME,Fri Aug 17 17:34:22 IST 2018
Scripts ran on this DATE and TIME,Fri Aug 17 19:11:36 IST 2018
Scripts ran on this DATE and TIME,Mon Aug 20 10:00:03 IST 2018
Scripts ran on this DATE and TIME,Mon Aug 27 12:38:54 IST 2018
Scripts ran on this DATE and TIME,Mon Sep 03 13:23:12 IST 2018
Scripts ran on this DATE and TIME,Mon Sep 03 17:22:15 IST 2018
Scripts ran on this DATE and TIME,Mon Sep 03 17:51:39 IST 2018
Scripts ran on this DATE and TIME,Tue Sep 18 16:46:43 IST 2018
